"RV Gomez","caught",3
"MN Samuels","caught",5
"SE Marsh","caught and bowled",3
"Mohammed Shami","caught",6
"SS Tiwary","hit wicket",1
"Abhishek Sharma","bowled",1
"B Chipli","caught",10
"GJ Maxwell","caught and bowled",1
"MR Marsh","run out",1
"RP Singh","caught",5
"S Anirudha","caught",4
"CL White","stumped",1
"TM Head","run out",1
"GC Smith","stumped",2
"DB Ravi Teja","caught",9
"Sachin Baby","run out",2
"S Sriram","caught",1
"DL Vettori","caught and bowled",1
"R Dhawan","bowled",1
"Pankaj Singh","bowled",1
"AA Bilakhia","stumped",1
"TS Mills","bowled",1
"PK Garg","caught",5
"SP Fleming","bowled",2
"CR Brathwaite","lbw",1
"N Rana","run out",4
"BB McCullum","bowled",17
"KL Rahul","stumped",2
"Sachin Baby","lbw",1
"RE van der Merwe","caught",5
"C de Grandhomme","stumped",1
"Sunny Singh","caught",3
"AB McDonald","bowled",1
"MJ Clarke","caught",1
"M Kaif","stumped",2
"KK Nair","caught and bowled",1
"GC Smith","lbw",1
"DR Martyn","bowled",1
"SPD Smith","run out",10
"DB Das","caught and bowled",1
"DL Chahar","caught",5
"E Lewis","stumped",1
"UT Khawaja","caught",3
"KP Pietersen","retired hurt",1
"Shahid Afridi","caught",7
"SR Tendulkar","bowled",12
"KA Pollard","bowled",17
"M Rawat","caught",3
"CJ Anderson","bowled",4
"Joginder Sharma","caught and bowled",1
"VVS Laxman","run out",1
"SV Samson","stumped",3
"DH Yagnik","caught",3
"Gurkeerat Singh","bowled",4
"RD Gaikwad","lbw",1
"T Taibu","run out",1
"R Bhatia","run out",4
"MM Sharma","caught",9
"P Chopra","caught",1
"AC Thomas","bowled",1
"EJG Morgan","run out",6
"BB McCullum","stumped",3
"PA Reddy","caught",6
"R Sharma","bowled",4
"Yuvraj Singh","caught and bowled",2
"JD Ryder","bowled",7
"A Mishra","lbw",1
"Arshdeep Singh","caught",1
"P Dogra","caught",4
"KH Pandya","retired hurt",1
"VVS Laxman","retired hurt",1
"M Morkel","stumped",1
"GJ Bailey","lbw",1
"AP Dole","caught",2
"Ishan Kishan","bowled",6
"P Negi","stumped",2
"DL Vettori","bowled",4
"S Dube","run out",2
"M Kartik","bowled",1
"K Goel","lbw",1
"A Mishra","bowled",9
"S Nadeem","run out",4
"RK Singh","bowled",1
"AB Dinda","bowled",3
"MD Mishra","run out",1
"HH Gibbs","run out",3
"NV Ojha","run out",5
"AJ Finch","bowled",22
"YV Takawale","bowled",2
"KV Sharma","run out",3
"Azhar Mahmood","lbw",3
"PK Garg","run out",1
"Sachin Baby","caught and bowled",1
"AC Gilchrist","caught and bowled",2
"JC Archer","caught",9
"I Sharma","run out",2
"LJ Wright","caught",4
"SN Khan","lbw",1
"NJ Maddinson","bowled",2
"AP Tare","bowled",4
"A Chandila","run out",1
"AA Jhunjhunwala","run out",4
"MEK Hussey","bowled",15
"PP Shaw","run out",1
"J Botha","caught",9
"MS Gony","bowled",4
"ST Jayasuriya","bowled",2
"Abdul Samad","caught",5
"KC Sangakkara","caught and bowled",4
"WD Parnell","bowled",2
"AD Mathews","run out",4
"DL Vettori","caught",1
"AA Bilakhia","caught",2
"KM Jadhav","run out",7
"Yuvraj Singh","hit wicket",1
"ST Jayasuriya","caught and bowled",1
"MJ Clarke","stumped",1
"LRPL Taylor","bowled",6
"KM Jadhav","lbw",5
"A Mishra","obstructing the field",1
"TA Boult","bowled",2
"Gurkeerat Singh","caught and bowled",2
"M Vijay","bowled",19
"Joginder Sharma","run out",1
"RD Gaikwad","stumped",1
"MA Agarwal","run out",2
"R Dravid","bowled",16
"A Uniyal","bowled",1
"Mandeep Singh","lbw",2
"JJ Roy","bowled",2
"AC Thomas","run out",1
"AJ Tye","caught",5
"DB Das","bowled",4
"YK Pathan","stumped",2
"JC Buttler","bowled",7
"R Vinay Kumar","caught",13
"A Symonds","run out",3
"SA Asnodkar","run out",5
"CA Pujara","lbw",1
"AB McDonald","caught",3
"R Dravid","caught and bowled",5
"S Badrinath","lbw",4
"MC Juneja","run out",1
"J Botha","bowled",4
"CA Lynn","caught and bowled",3
"RR Rossouw","caught",1
"JJ Bumrah","run out",2
"JC Buttler","caught",32
"STR Binny","lbw",3
"MG Johnson","run out",1
"CA Ingram","lbw",2
"AM Rahane","run out",8
"AF Milne","run out",1
"RR Powar","run out",1
"MA Agarwal","caught",52
"SN Khan","run out",4
"DJ Harris","caught",3
"Jaskaran Singh","run out",1
"KK Nair","stumped",2
"SC Ganguly","stumped",2
"YK Pathan","caught",76
"M Ashwin","run out",1
"AD Russell","run out",3
"YS Chahal","caught",3
"HM Amla","caught and bowled",1
"MJ Guptill","caught",10
"AC Voges","caught",4
"YK Pathan","lbw",5
"B Chipli","bowled",4
"V Sehwag","stumped",1
"DA Miller","stumped",2
"P Negi","run out",4
"KK Nair","run out",4
"ST Jayasuriya","caught",19
"STR Binny","caught and bowled",1
"Sachin Baby","caught",5
"M Markande","caught",1
"RR Rossouw","bowled",3
"AS Raut","run out",4
"SB Joshi","run out",1
"MN Samuels","bowled",5
"NV Ojha","stumped",3
"T Thushara","caught",1
"LRPL Taylor","run out",3
"VY Mahesh","bowled",1
"Umar Gul","caught",2
"MC Juneja","lbw",1
"PR Shah","caught",6
"H Das","run out",1
"VVS Laxman","caught and bowled",2
"DJ Bravo","run out",1
"CJ Jordan","caught and bowled",1
"Harbhajan Singh","lbw",6
"KW Richardson","caught and bowled",1
"CH Gayle","stumped",3
"RR Pant","run out",5
"PK Garg","bowled",3
"R Dhawan","caught",2
"RP Singh","bowled",4
"CK Langeveldt","bowled",2
"DA Warner","run out",10
"M Rawat","bowled",1
"SW Billings","lbw",1
"Kamran Akmal","caught",3
"Salman Butt","bowled",1
"D Wiese","run out",1
"AD Nath","caught",8
"MJ Guptill","lbw",2
"R Rampaul","caught",4
"R Dravid","stumped",1
"KM Jadhav","bowled",5
"V Sehwag","caught and bowled",2
"CV Varun","run out",1
"Pankaj Singh","caught",1
"DJG Sammy","lbw",2
"SL Malinga","bowled",5
"V Sehwag","caught",70
"BJ Hodge","lbw",6
"A Chopra","lbw",1
"CJ Ferguson","caught",1
"ST Jayasuriya","run out",2
"Mohammed Shami","bowled",1
"Sohail Tanvir","caught",2
"JR Philippe","caught",2
"A Symonds","stumped",2
"M Ntini","bowled",1
"AR Patel","stumped",2
"MP Stoinis","run out",3
"YK Pathan","obstructing the field",1
"CM Gautam","caught",7
"C Munro","bowled",2
"KD Karthik","lbw",14
"SP Goswami","caught",15
"KM Jadhav","stumped",1
"AD Russell","bowled",10
"MK Pandey","run out",5
"R Tewatia","run out",1
"MC Henriques","caught",20
"DNT Zoysa","bowled",1
"MC Juneja","caught",5
"S Rana","bowled",3
"UT Khawaja","stumped",1
"DB Ravi Teja","stumped",1
"MV Boucher","bowled",3
"MS Wade","bowled",2
"DA Miller","caught",34
"RD Gaikwad","bowled",1
"M Kaif","bowled",3
"TA Boult","caught and bowled",1
"M Vijay","caught",52
"SP Fleming","lbw",1
"S Kaul","run out",1
"J Botha","lbw",3
"KK Nair","lbw",7
"R Sharma","caught",6
"G Gambhir","lbw",7
"JH Kallis","run out",9
"SB Bangar","run out",1
"KC Sangakkara","stumped",3
"JP Faulkner","run out",2
"D Salunkhe","caught and bowled",1
"R Sathish","bowled",3
"S Randiv","caught",1
"Kuldeep Yadav","caught",1
"RG Sharma","caught and bowled",7
"R Ashwin","caught",24
"PC Valthaty","caught",18
"MK Pandey","caught",67
"R Sathish","caught",9
"Kuldeep Yadav","bowled",1
"MJ Clarke","run out",1
"N Saini","run out",1
"M Prasidh Krishna","caught",1
"Shivam Mavi","caught",3
"Mohammad Ashraful","caught",1
"DS Kulkarni","caught and bowled",1
"TL Suman","lbw",2
"MK Pandey","bowled",25
"Misbah-ul-Haq","hit wicket",1
"Azhar Mahmood","run out",3
"Y Nagar","caught",8
"B Kumar","caught and bowled",1
"AB Barath","lbw",1
"D Padikkal","caught",9
"DA Miller","run out",2
"CH Gayle","lbw",8
"SK Raina","caught",110
"RR Sarwan","bowled",1
"P Dogra","bowled",2
"Anureet Singh","bowled",1
"RR Raje","bowled",1
"MA Khote","hit wicket",1
"FY Fazal","run out",3
"SS Iyer","caught",48
"SS Iyer","bowled",9
"Anureet Singh","caught",3
"SPD Smith","bowled",15
"RG Sharma","caught",112
"Basil Thampi","bowled",1
"Gurkeerat Singh","caught",12
"RD Chahar","caught",2
"Mandeep Singh","stumped",5
"AD Russell","caught",35
"AP Tare","caught",17
"AD Nath","lbw",1
"A Mukund","bowled",2
"S Dhawan","retired hurt",1
"UA Birla","bowled",1
"MJ Lumb","stumped",2
"DB Ravi Teja","run out",2
"JH Kallis","lbw",3
"LRPL Taylor","stumped",1
"Salman Butt","caught",4
"RR Sarwan","caught",2
"D Wiese","caught",4
"Shubman Gill","bowled",2
"VR Aaron","run out",1
"M Kaif","lbw",1
"JH Kallis","caught",60
"SE Marsh","caught",35
"C Munro","caught",5
"M Ashwin","caught",2
"N Saini","lbw",2
"CJ Anderson","caught",11
"SE Marsh","bowled",16
"BB McCullum","lbw",16
"CH Morris","caught",11
"MA Starc","caught",4
"S Gopal","stumped",1
"DH Yagnik","bowled",4
"Y Gnaneswara Rao","caught and bowled",1
"S Aravind","bowled",1
"Rashid Khan","run out",1
"MM Patel","lbw",1
"GJ Maxwell","run out",4
"Mandeep Singh","run out",7
"JD Ryder","caught and bowled",1
"MS Bisla","stumped",4
"Iqbal Abdulla","caught",1
"JC Archer","caught and bowled",1
"SP Goswami","bowled",2
"SS Iyer","stumped",2
"KP Pietersen","lbw",2
"MS Dhoni","bowled",16
"SR Tendulkar","caught",36
"CA Ingram","run out",1
"JA Morkel","bowled",10
"HH Pandya","hit wicket",1
"BB McCullum","caught",62
"WD Parnell","run out",3
"RR Rossouw","run out",1
"AS Raut","caught",3
"PP Shaw","caught and bowled",3
"K Gowtham","caught",12
"J Arunkumar","run out",1
"UT Khawaja","run out",1
"E Lewis","caught",11
"SM Curran","bowled",2
"S Kaul","caught",1
"CL White","caught and bowled",3
"KV Sharma","caught",15
"AB Dinda","lbw",1
"JA Morkel","caught",25
"V Pratap Singh","caught",1
"M Vijay","lbw",10
"AD Mathews","stumped",1
"Parvez Rasool","caught",1
"TL Suman","caught",22
"AJ Finch","lbw",7
"FY Fazal","lbw",2
"TM Dilshan","lbw",3
"S Dhawan","bowled",31
"SO Hetmyer","bowled",2
"R Bhatia","caught and bowled",2
"RT Ponting","caught and bowled",1
"BB Samantray","lbw",1
"PP Shaw","stumped",1
"AB Dinda","run out",1
"AR Patel","lbw",2
"B Kumar","run out",3
"RJ Peterson","caught",1
"NLTC Perera","caught",17
"SB Wagh","caught",1
"RJ Peterson","run out",2
"CH Gayle","bowled",24
"PC Valthaty","bowled",3
"P Negi","lbw",1
"AS Raut","bowled",2
"MV Boucher","caught",8
"DR Smith","caught and bowled",1
"F Behardien","caught",2
"A Kumble","bowled",1
"RR Pant","lbw",5
"M Markande","bowled",1
"A Choudhary","caught",1
"AP Majumdar","caught",1
"RT Ponting","caught",5
"CA Ingram","caught",7
"Q de Kock","lbw",3
"CH Morris","caught and bowled",1
"MS Dhoni","caught",76
"AP Majumdar","caught and bowled",1
"GJ Maxwell","bowled",13
"AM Rahane","stumped",4
"NL McCullum","caught",1
"SP Fleming","run out",1
"PA Patel","bowled",22
"R Sharma","run out",1
"WP Saha","caught",43
"MD Mishra","stumped",2
"M Vijay","run out",8
"S Dube","bowled",2
"KV Sharma","bowled",2
"JH Kallis","bowled",16
"S Sreesanth","bowled",1
"MF Maharoof","bowled",3
"AT Rayudu","bowled",22
"A Ashish Reddy","run out",2
"DR Smith","run out",2
"MF Maharoof","run out",2
"LS Livingstone","caught",1
"AB de Villiers","run out",6
"AC Gilchrist","caught",53
"Shahid Afridi","lbw",1
"PD Collingwood","caught",2
"B Akhil","run out",2
"IK Pathan","lbw",1
"Niraj Patel","run out",1
"RE Levi","bowled",4
"CV Varun","bowled",1
"BMAJ Mendis","caught",1
"RR Pant","caught",39
"Harpreet Singh","caught",1
"SC Ganguly","run out",3
"AD Hales","caught",3
"M Kaif","caught",9
"Harmeet Singh","lbw",1
"MP Stoinis","caught",20
"KK Nair","bowled",12
"AB McDonald","caught and bowled",1
"MC Henriques","bowled",4
"AM Nayar","lbw",5
"PP Shaw","lbw",1
"GH Vihari","bowled",1
"S Gopal","bowled",1
"Swapnil Singh","bowled",1
"NS Naik","bowled",1
"R Dravid","caught",47
"IK Pathan","caught and bowled",1
"A Mithun","caught",4
"HM Amla","lbw",3
"WA Mota","bowled",1
"PJ Sangwan","run out",1
"DA Warner","lbw",4
"CRD Fernando","run out",1
"KH Pandya","caught and bowled",3
"NV Ojha","lbw",2
"TM Dilshan","bowled",11
"GC Smith","caught and bowled",1
"SV Samson","caught",61
"MS Dhoni","stumped",3
"E Lewis","lbw",1
"A Mishra","run out",9
"DE Bollinger","caught",1
"DW Steyn","caught and bowled",1
"KL Rahul","lbw",5
"SL Malinga","run out",2
"S Gopal","run out",1
"MEK Hussey","caught",29
"MV Boucher","run out",2
"SN Khan","stumped",1
"R McLaren","bowled",2
"SP Goswami","run out",2
"B Lee","run out",3
"DA Warner","caught and bowled",4
"P Kumar","caught",11
"Mohammad Hafeez","caught",6
"YV Takawale","caught",4
"R Ashwin","bowled",5
"R Dhawan","lbw",2
"F du Plessis","run out",6
"EJG Morgan","bowled",7
"Q de Kock","bowled",9
"AT Carey","caught",2
"RA Jadeja","hit wicket",1
"R Dhawan","run out",1
"BR Dunk","caught",2
"PD Collingwood","run out",1
"SK Trivedi","bowled",4
"JJ van der Wath","caught",1
"Harmeet Singh","caught",1
"SW Tait","stumped",1
"NJ Maddinson","caught",1
"PR Shah","bowled",1
"MK Tiwary","caught",30
"CM Gautam","stumped",1
"SK Raina","lbw",6
"DR Smith","lbw",12
"B Lee","bowled",1
"F du Plessis","bowled",12
"NM Coulter-Nile","lbw",1
"Y Nagar","lbw",2
"TD Paine","bowled",1
"DJM Short","bowled",1
"R McLaren","lbw",2
"AS Yadav","run out",2
"AJ Finch","stumped",3
"A Flintoff","caught and bowled",1
"LR Shukla","caught",16
"EJG Morgan","stumped",1
"TK Curran","caught",4
"S Badrinath","bowled",2
"RV Gomez","lbw",1
"MR Marsh","caught",8
"Harpreet Singh","caught and bowled",1
"KA Pollard","stumped",1
"SS Iyer","run out",7
"AB Agarkar","caught and bowled",1
"SP Jackson","caught",1
"AJ Tye","bowled",2
"B Laughlin","bowled",1
"Azhar Mahmood","bowled",2
"Mujeeb Ur Rahman","caught",2
"JEC Franklin","caught",10
"UT Yadav","run out",2
"S Narwal","run out",1
"LA Carseldine","stumped",1
"Karanveer Singh","bowled",1
"BA Stokes","caught and bowled",3
"Shubman Gill","run out",3
"SR Tendulkar","run out",8
"SA Abbott","caught",1
"AD Mathews","caught",20
"AR Patel","caught and bowled",1
"MS Gony","caught",4
"PP Chawla","stumped",2
"R Parag","hit wicket",1
"Salman Butt","lbw",2
"KK Ahmed","run out",1
"CL White","bowled",4
"DA Warner","bowled",25
"DJ Hussey","bowled",9
"WPUJC Vaas","bowled",2
"PC Valthaty","run out",1
"DJ Hooda","bowled",6
"Mandeep Singh","caught",48
"R Shukla","run out",1
"KK Cooper","stumped",1
"S Dhawan","lbw",10
"HH Pandya","caught and bowled",1
"RE van der Merwe","run out",2
"YK Pathan","bowled",11
"JJ Roy","caught",3
"DS Kulkarni","run out",4
"JC Buttler","run out",2
"RJ Quiney","lbw",2
"M Klinger","caught",2
"BJ Haddin","caught",1
"BJ Hodge","stumped",2
"SB Jakati","run out",1
"JR Hopes","caught",13
"Ishan Kishan","caught",29
"SC Ganguly","lbw",2
"DJM Short","run out",2
"SE Marsh","stumped",2
"RE Levi","stumped",1
"S Sreesanth","lbw",1
"S Rana","run out",1
"CR Brathwaite","run out",2
"AL Menaria","caught",15
"SR Watson","caught",70
"AB de Villiers","lbw",6
"CH Morris","run out",4
"S Vidyut","caught",8
"R Bishnoi","caught",2
"A Mishra","caught and bowled",1
"JJ van der Wath","lbw",1
"TM Head","bowled",1
"PP Shaw","bowled",7
"MJ Clarke","lbw",2
"DJ Jacobs","caught",1
"KP Pietersen","run out",3
"A Singh","caught and bowled",1
"JJ Roy","stumped",1
"NM Coulter-Nile","caught",5
"S Anirudha","bowled",1
"P Dogra","run out",5
"GD McGrath","caught",1
"PA Reddy","bowled",2
"AD Mascarenhas","caught",4
"SR Tendulkar","caught and bowled",2
"JP Faulkner","bowled",6
"MS Dhoni","caught and bowled",4
"N Jagadeesan","run out",1
"PP Ojha","run out",2
"BMAJ Mendis","run out",1
"AF Milne","bowled",1
"PJ Sangwan","bowled",2
"JC Archer","bowled",1
"Mohammad Nabi","run out",1
"DP Nannes","bowled",1
"PP Ojha","bowled",3
"KS Williamson","caught",31
"M Muralitharan","run out",2
"MG Johnson","stumped",1
"Gurkeerat Singh","run out",5
"Mohammad Nabi","bowled",2
"TM Dilshan","stumped",1
"V Shankar","lbw",1
"SM Pollock","bowled",4
"Z Khan","run out",3
"SS Tiwary","caught",34
"SC Ganguly","caught",37
"R McLaren","run out",2
"LMP Simmons","caught and bowled",1
"JL Pattinson","caught",1
"LRPL Taylor","caught and bowled",2
"M Kartik","run out",2
"PJ Cummins","lbw",1
"DPMD Jayawardene","stumped",3
"KB Arun Karthik","caught",2
"KJ Abbott","caught",1
"R Ashwin","run out",3
"DPMD Jayawardene","bowled",6
"AC Gilchrist","stumped",3
"DJ Hussey","stumped",1
"IC Pandey","bowled",1
"Mohammad Hafeez","run out",1
"SK Raina","run out",12
"L Balaji","bowled",1
"RV Uthappa","stumped",7
"B Kumar","caught",11
"BAW Mendis","lbw",1
"RE van der Merwe","bowled",2
"AM Nayar","caught",21
"CM Gautam","lbw",1
"SP Narine","caught",34
"MK Pandey","stumped",1
"JD Ryder","run out",3
"YBK Jaiswal","caught",1
"S Nadeem","bowled",3
"GC Smith","caught",20
"SK Trivedi","run out",1
"SW Billings","run out",1
"MK Tiwary","run out",8
"SO Hetmyer","run out",1
"JC Buttler","caught and bowled",1
"DJG Sammy","run out",1
"SB Joshi","caught",1
"OA Shah","caught",5
"HH Pandya","bowled",4
"Washington Sundar","caught",9
"JR Hopes","lbw",2
"Kuldeep Yadav","lbw",1
"V Kohli","caught and bowled",3
"OA Shah","run out",3
"DB Ravi Teja","bowled",5
"Mandeep Singh","caught and bowled",1
"R Dravid","run out",6
"VR Aaron","bowled",1
"DT Christian","stumped",1
"SR Tendulkar","retired hurt",2
"S Sohal","lbw",2
"Abhishek Sharma","run out",1
"DJG Sammy","bowled",1
"DS Kulkarni","lbw",1
"Imran Tahir","run out",1
"UBT Chand","bowled",6
"C de Grandhomme","bowled",3
"M Rawat","caught and bowled",1
"RK Singh","caught",6
"I Sharma","bowled",2
"Rashid Khan","hit wicket",1
"V Kohli","lbw",7
"RV Uthappa","caught and bowled",5
"JR Hopes","run out",2
"MM Ali","run out",1
"JC Archer","lbw",1
"MG Johnson","caught",6
"Ishan Kishan","lbw",1
"MA Starc","run out",1
"AA Jhunjhunwala","bowled",2
"L Ronchi","caught",2
"UBT Chand","stumped",1
"KH Pandya","bowled",2
"SA Yadav","run out",3
"Q de Kock","caught and bowled",3
"JP Duminy","run out",4
"MJ McClenaghan","caught",6
"RS Bopara","lbw",3
"K Goel","run out",3
"CK Kapugedera","caught",3
"YS Chahal","run out",1
"HV Patel","run out",1
"IR Jaggi","caught",4
"NV Ojha","caught and bowled",1
"AS Raut","stumped",1
"NV Ojha","bowled",9
"HH Gibbs","stumped",2
"MM Sharma","bowled",3
"KL Rahul","run out",4
"SN Thakur","caught",3
"AB Dinda","caught",4
"M Kartik","caught",2
"Harbhajan Singh","retired hurt",2
"P Kumar","run out",6
"KH Pandya","lbw",1
"RA Tripathi","lbw",1
"S Badree","caught",1
"KM Jadhav","caught and bowled",2
"AP Tare","run out",2
"B Akhil","bowled",1
"P Kumar","caught and bowled",1
"AG Paunikar","bowled",1
"BJ Rohrer","caught",3
"J Syed Mohammad","caught",2
"SK Warne","stumped",3
"S Badrinath","caught and bowled",3
"Rashid Khan","caught",9
"Vishnu Vinod","caught",1
"S Kaushik","caught",1
"CJ Ferguson","run out",1
"AC Blizzard","caught",6
"Joginder Sharma","bowled",1
"Harbhajan Singh","run out",8
"DH Yagnik","caught and bowled",2
"RG Sharma","run out",20
"V Shankar","caught",19
"MM Patel","bowled",1
"SA Asnodkar","hit wicket",1
"AD Mascarenhas","run out",3
"KD Karthik","run out",17
"D du Preez","caught",1
"AM Rahane","bowled",18
"VH Zol","bowled",1
"M Morkel","caught",6
"Mohammad Asif","caught",1
"LA Pomersbach","run out",1
"PA Patel","run out",11
"YK Pathan","run out",12
"Ankit Sharma","caught",7
"KK Cooper","caught",7
"JC Archer","run out",1
"LMP Simmons","lbw",3
"Shivam Mavi","stumped",1
"RK Bhui","caught",2
"MEK Hussey","stumped",1
"Bipul Sharma","caught",4
"S Sohal","run out",1
"G Gambhir","stumped",2
"DJ Hussey","lbw",1
"KL Rahul","bowled",16
"KP Pietersen","caught",12
"M Manhas","caught and bowled",1
"CR Brathwaite","caught",9
"JP Faulkner","caught",18
"M Muralitharan","bowled",1
"BMAJ Mendis","caught and bowled",1
"Mohammed Shami","run out",1
"BB McCullum","run out",7
"MD Mishra","caught",7
"N Rana","bowled",4
"N Pooran","caught",14
"PV Tambe","caught",1
"Imran Tahir","caught",2
"AN Ahmed","bowled",1
"HH Pandya","lbw",3
"RN ten Doeschate","bowled",1
"N Rana","lbw",4
"HH Gibbs","bowled",7
"IK Pathan","run out",9
"UT Yadav","caught",5
"VRV Singh","caught",1
"AR Patel","caught",30
"DT Christian","caught",13
"RV Uthappa","caught",115
"SS Iyer","caught and bowled",2
"STR Binny","run out",4
"KS Williamson","lbw",2
"RV Gomez","run out",2
"AB Barath","caught",1
"C de Grandhomme","run out",1
"MN van Wyk","caught",2
"S Sohal","caught",12
"R Parag","caught",7
"PP Chawla","lbw",2
"STR Binny","caught",27
"Shoaib Ahmed","run out",1
"AN Ghosh","caught",2
"LA Pomersbach","bowled",4
"MK Lomror","caught",5
"AF Milne","caught",1
"PD Collingwood","lbw",1
"RJ Harris","caught",9
"MM Sharma","run out",2
"JP Duminy","caught",30
"BJ Hodge","caught",23
"Sunny Gupta","stumped",1
"R Parag","bowled",2
"DR Smith","bowled",18
"PP Ojha","caught",5
"PP Shaw","caught",24
"JD Unadkat","bowled",2
"DL Chahar","stumped",2
"BE Hendricks","bowled",1
"DPMD Jayawardene","caught",38
"CJ Anderson","lbw",1
"KAJ Roach","bowled",1
"AG Murtaza","stumped",1
"KP Appanna","run out",1
"Mohammed Shami","stumped",1
"CJ Ferguson","stumped",1
"JP Faulkner","caught and bowled",1
"MK Tiwary","lbw",7
"AD Mascarenhas","bowled",3
"DPMD Jayawardene","run out",8
"DJ Bravo","caught",42
"A Flintoff","caught",1
"MD Mishra","lbw",3
"GJ Bailey","caught",16
"DJ Hooda","run out",4
"BB Samantray","bowled",1
"RS Bopara","caught",13
"KC Sangakkara","caught",40
"Harbhajan Singh","caught",33
"Yashpal Singh","caught",4
"Kamran Khan","caught",1
"MK Pandey","caught and bowled",5
"MM Patel","run out",1
"ER Dwivedi","caught",2
"SD Lad","bowled",1
"AA Bilakhia","lbw",2
"AB de Villiers","caught and bowled",2
"YBK Jaiswal","bowled",1
"Anirudh Singh","bowled",1
"B Sumanth","bowled",1
"Umar Gul","run out",1
"A Symonds","bowled",7
"H Klaasen","bowled",1
"KMA Paul","caught",1
"SS Tiwary","run out",2
"SM Katich","bowled",2
"SE Marsh","run out",5
"Shakib Al Hasan","run out",3
"G Gambhir","caught",80
"Z Khan","bowled",5
"CJ Ferguson","caught and bowled",2
"SR Watson","stumped",4
"GC Smith","bowled",2
"SM Pollock","caught",4
"BCJ Cutting","run out",1
"Younis Khan","bowled",1
"C de Grandhomme","caught",9
"Yuvraj Singh","run out",4
"LA Carseldine","run out",1
"R Ashwin","lbw",1
"RS Bopara","run out",2
"MS Wade","lbw",1
"TG Southee","caught",4
"BCJ Cutting","bowled",2
"HH Pandya","caught",34
"MJ McClenaghan","lbw",1
"Mujeeb Ur Rahman","bowled",1
"HM Amla","run out",1
"P Simran Singh","caught",2
"Yuvraj Singh","caught",84
"K Rabada","bowled",3
"RP Singh","run out",4
"IS Sodhi","caught",2
"L Balaji","run out",1
"KS Williamson","bowled",3
"AA Chavan","caught",1
"Niraj Patel","caught",2
"SW Billings","bowled",3
"TL Suman","run out",1
"JM Bairstow","caught",10
"FY Fazal","caught",4
"DPMD Jayawardene","lbw",6
"SD Chitnis","run out",1
"LH Ferguson","run out",1
"Q de Kock","run out",1
"JDP Oram","caught and bowled",1
"WP Saha","stumped",5
"R Sathish","run out",2
"AB Agarkar","caught",6
"Mohammad Nabi","caught",6
"BA Stokes","bowled",13
"M Muralitharan","lbw",1
"P Negi","caught",15
"HH Pandya","stumped",1
"A Nehra","bowled",1
"Y Venugopal Rao","bowled",8
"BR Dunk","bowled",1
"DS Kulkarni","bowled",3
"P Kumar","bowled",15
"A Nehra","caught",5
"CA Pujara","bowled",4
"MJ Lumb","caught",6
"NL McCullum","run out",2
"MK Pandey","lbw",6
"MK Tiwary","bowled",11
"AS Raut","lbw",1
"Shakib Al Hasan","bowled",9
"DT Christian","lbw",4
"RA Tripathi","bowled",8
"AS Rajpoot","bowled",2
"SR Watson","bowled",35
"DJ Hooda","hit wicket",1
"AB de Villiers","stumped",6
"P Negi","bowled",4
"LR Shukla","bowled",6
"ML Hayden","caught",17
"AM Nayar","run out",9
"MC Henriques","run out",2
"AD Mathews","lbw",2
"DA Warner","caught",77
"R Vinay Kumar","stumped",1
"LMP Simmons","caught",16
"RJ Quiney","bowled",1
"N Saini","caught and bowled",2
"MDKJ Perera","caught",1
"RR Bhatkal","run out",1
"KS Williamson","run out",2
"NA Saini","caught",1
"NS Naik","lbw",1
"S Anirudha","stumped",1
"DA Warner","hit wicket",1
"N Rana","retired hurt",1
"JDP Oram","caught",5
"CA Lynn","caught",21
"CR Woakes","stumped",1
"N Saini","bowled",1
"S Badrinath","caught",31
"SK Trivedi","caught",3
"M Markande","lbw",1
"MS Bisla","run out",4
"JDP Oram","bowled",2
"MEK Hussey","lbw",2
"Azhar Mahmood","caught and bowled",1
"VVS Laxman","bowled",2
"F du Plessis","caught and bowled",3
"HV Patel","bowled",3
"N Saini","caught",5
"YV Takawale","lbw",2
"MEK Hussey","run out",5
"M de Lange","caught",1
"F du Plessis","stumped",6
"DJM Short","caught",4
"M Manhas","caught",14
"KC Cariappa","bowled",3
"MJ McClenaghan","run out",1
"DJ Thornely","bowled",1
"RA Tripathi","caught",24
"T Henderson","bowled",1
"SPD Smith","caught and bowled",3
"B Laughlin","caught",1
"AUK Pathan","caught",2
"RA Jadeja","bowled",16
"RJ Harris","bowled",2
"SP Narine","lbw",1
"M Manhas","run out",3
"RA Jadeja","caught",53
"BJ Hodge","bowled",9
"CH Gayle","caught and bowled",3
"CJ Jordan","caught",2
"RT Ponting","stumped",1
"V Kohli","stumped",3
"M Vohra","caught",22
"S Lamichhane","bowled",1
"S Aravind","lbw",1
"JJ Bumrah","caught",2
"JC Buttler","lbw",3
"AC Voges","run out",2
"S Badrinath","run out",5
"Ishan Kishan","run out",3
"Mohammed Siraj","caught",1
"K Rabada","run out",1
"Mohammed Siraj","lbw",1
"MC Henriques","caught and bowled",3
"CL White","caught",22
"KL Nagarkoti","bowled",2
"CJ Anderson","stumped",3
"Z Khan","caught",6
"M Kaif","caught and bowled",1
"K Goel","caught",7
"LR Shukla","run out",4
"STR Binny","bowled",6
"P Ray Barman","caught",1
"JP Duminy","bowled",10
"RN ten Doeschate","lbw",5
"PP Chawla","caught",26
"LS Livingstone","bowled",2
"Ankit Soni","bowled",2
"AS Yadav","caught",4
"TD Paine","caught",1
"SA Yadav","caught",47
"BB Samantray","run out",1
"T Banton","caught",1
"A Chopra","stumped",1
"LA Pomersbach","caught",5
"B Akhil","lbw",1
"AC Gilchrist","bowled",12
"MM Ali","bowled",1
"Y Nagar","run out",2
"MA Agarwal","lbw",2
"W Jaffer","caught",7
"R Dhawan","stumped",1
"PJ Cummins","caught",10
"B Chipli","run out",1
"B Lee","caught",6
"TM Dilshan","caught",24
"AB Agarkar","run out",1
"MN Samuels","run out",2
"DS Lehmann","lbw",2
"DW Steyn","bowled",8
"D Kalyankrishna","caught",1
"Anirudh Singh","caught",2
"AP Tare","caught and bowled",1
"M Manhas","bowled",6
"BCJ Cutting","lbw",1
"CJ McKay","caught",1
"Shoaib Ahmed","caught",1
"RG Sharma","lbw",12
"RR Pant","bowled",10
"FH Edwards","bowled",1
"GC Viljoen","caught",2
"VVS Laxman","lbw",1
"JDS Neesham","caught",5
"JM Bairstow","bowled",7
"SR Watson","lbw",6
"R Tewatia","lbw",2
"RA Jadeja","stumped",1
"DJ Hooda","caught",19
"CH Gayle","caught",76
"SM Curran","stumped",1
"Shubman Gill","caught and bowled",1
"Shoaib Malik","bowled",1
"A Zampa","caught",2
"ND Doshi","caught",1
"R Rampaul","lbw",1
"DW Steyn","caught",8
"MJ Lumb","lbw",1
"RE Levi","caught",1
"Azhar Mahmood","stumped",1
"LA Pomersbach","caught and bowled",1
"KP Pietersen","stumped",3
"RE van der Merwe","stumped",3
"LA Carseldine","lbw",1
"T Thushara","run out",1
"DR Shorey","caught",2
"LR Shukla","stumped",1
"C de Grandhomme","lbw",1
"G Gambhir","bowled",27
"EJG Morgan","caught",33
"Shakib Al Hasan","caught",21
"BCJ Cutting","caught",6
"MP Stoinis","bowled",4
"GJ Bailey","stumped",2
"CA Lynn","run out",1
"Harbhajan Singh","bowled",7
"L Balaji","lbw",2
"GH Vihari","caught",17
"LR Shukla","lbw",2
"SM Curran","lbw",2
"RJ Quiney","caught",4
"A Ashish Reddy","bowled",5
"B Chipli","lbw",1
"RS Bopara","bowled",1
"Mustafizur Rahman","caught",1
"JP Duminy","lbw",1
"L Ronchi","run out",1
"JEC Franklin","bowled",1
"MA Wood","caught",1
"C Munro","lbw",2
"Yuvraj Singh","bowled",10
"RA Jadeja","run out",8
"SK Warne","bowled",6
"C Nanda","run out",1
"SS Tiwary","caught and bowled",1
"R Tewatia","bowled",3
"PA Patel","caught",72
"Y Venugopal Rao","lbw",1
"Mohammed Shami","lbw",1
"SR Watson","caught and bowled",1
"SM Katich","caught",6
"GH Vihari","stumped",1
"YBK Jaiswal","caught and bowled",1
"JM Bairstow","run out",1
"DJ Hooda","caught and bowled",1
"TU Deshpande","caught",1
"BA Stokes","caught",19
"Shoaib Akhtar","caught",1
"NS Naik","caught",2
"MC Henriques","lbw",2
"DW Steyn","lbw",2
"PSP Handscomb","caught",1
"M Ashwin","stumped",1
"NLTC Perera","run out",3
"SR Watson","run out",9
"TR Birt","caught",4
"DJ Hooda","stumped",3
"SPD Smith","caught",42
"Kuldeep Yadav","run out",1
"AA Noffke","run out",1
"SM Curran","caught and bowled",1
"N Pooran","run out",1
"KD Karthik","caught",91
"HH Gibbs","lbw",3
"CJ Ferguson","lbw",1
"MA Starc","bowled",1
"Kartik Tyagi","caught and bowled",1
"SE Bond","bowled",1
"MS Bisla","caught",18
"A Chopra","run out",1
"R Bhatia","bowled",5
"VS Malik","bowled",1
"TR Birt","bowled",1
"Q de Kock","stumped",1
"AT Rayudu","run out",12
"CH Morris","bowled",6
"Y Nagar","bowled",3
"VS Yeligati","run out",1
"JR Philippe","lbw",1
"Sohail Tanvir","bowled",1
"SV Samson","caught and bowled",3
"SP Narine","stumped",2
"RP Singh","stumped",1
"SA Asnodkar","caught",11
"S Dhawan","run out",15
"DJ Hooda","lbw",1
"J Botha","caught and bowled",2
"SK Raina","bowled",16
"GJ Bailey","run out",6
"RR Powar","bowled",2
"MA Agarwal","stumped",2
"S Dhawan","caught",86
"CL White","lbw",1
"MF Maharoof","stumped",1
"KC Sangakkara","run out",6
"SA Asnodkar","bowled",1
"T Kohli","run out",1
"R Bhatia","caught",17
"M Vohra","run out",3
"SB Styris","bowled",2
"S Ladda","run out",2
"RR Rossouw","lbw",1
"KS Williamson","stumped",2
"DR Sams","caught",1
"SA Yadav","caught and bowled",1
"CH Gayle","run out",2
"J Suchith","caught",1
"AB de Villiers","bowled",21
"SB Styris","caught",4
"V Kohli","caught",105
"S Aravind","caught",1
"TG Southee","run out",1
"DJ Bravo","stumped",1
"PA Reddy","run out",1
"JA Morkel","run out",4
"SS Tiwary","lbw",3
"RG Sharma","bowled",23
"MS Bisla","bowled",9
"D Padikkal","bowled",5
"Yuvraj Singh","stumped",3
"AM Rahane","lbw",15
"BAW Mendis","bowled",1
"RS Gavaskar","caught",1
"WA Mota","lbw",1
"SW Tait","bowled",2
"AS Yadav","bowled",1
"V Kohli","bowled",30
"SA Yadav","lbw",6
"SK Raina","caught and bowled",8
"Rashid Khan","caught and bowled",3
"M Klinger","lbw",1
"SA Yadav","stumped",1
"AJ Tye","lbw",1
"MP Stoinis","stumped",2
"AL Menaria","caught and bowled",2
"KV Sharma","lbw",1
"MS Bisla","lbw",2
"AJ Finch","caught and bowled",2
"DB Ravi Teja","caught and bowled",1
"KD Karthik","caught and bowled",3
"J Theron","run out",1
"AB de Villiers","caught",73
"DA Miller","lbw",3
"S Nadeem","caught and bowled",3
"T Banton","bowled",1
"MA Agarwal","caught and bowled",2
"DR Martyn","run out",1
"Sunny Singh","run out",1
"A Chopra","caught",2
"PA Reddy","stumped",1
"PP Chawla","bowled",12
"SC Ganguly","bowled",9
"M Vohra","lbw",5
"GH Vihari","run out",1
"R Vinay Kumar","run out",2
"S Nadeem","caught",5
"I Sharma","caught and bowled",1
"KM Jadhav","caught",30
"TM Head","caught",4
"B Kumar","bowled",8
"SA Yadav","bowled",7
"A Symonds","caught",14
"PJ Cummins","bowled",2
"SM Curran","caught",6
"Misbah-ul-Haq","run out",2
"Kamran Akmal","run out",1
"HH Pandya","run out",3
"E Lewis","bowled",3
"VY Mahesh","caught",1
"SS Tiwary","bowled",4
"PJ Sangwan","caught",3
"S Narwal","caught",3
"R Shukla","caught",1
"MM Ali","caught",8
"Sandeep Sharma","caught and bowled",1
"JD Ryder","stumped",1
"MK Tiwary","caught and bowled",1
"MC Henriques","stumped",4
"SS Iyer","lbw",5
"Washington Sundar","bowled",1
"HV Patel","lbw",1
"AUK Pathan","lbw",1
"SP Narine","bowled",10
"ML Hayden","caught and bowled",1
"LE Plunkett","caught",1
"KB Arun Karthik","stumped",1
"S Kaul","caught and bowled",1
"Shivam Mavi","bowled",1
"SK Warne","run out",4
"Vishnu Vinod","run out",1
"LMP Simmons","run out",1
"KW Richardson","caught",2
"CH Morris","lbw",1
"JP Duminy","caught and bowled",3
"I Sharma","caught",2
"S Badree","bowled",3
"R Bhatia","stumped",1
"SK Warne","caught",6
"WPUJC Vaas","run out",1
"TL Suman","caught and bowled",2
"L Balaji","caught",3
"JM Bairstow","lbw",2
"SP Jackson","hit wicket",1
"DA Warner","stumped",5
"A Ashish Reddy","caught",8
"Bipul Sharma","bowled",1
"S Rana","caught",1
"KD Karthik","bowled",23
"UBT Chand","caught",13
"AP Majumdar","stumped",1
"R Tewatia","caught",7
"J Suchith","run out",1
"SE Marsh","lbw",3
"S Dhawan","stumped",6
"Shoaib Malik","caught",3
"CL White","run out",4
"OA Shah","bowled",3
"AM Nayar","bowled",4
"Sandeep Sharma","caught",3
"J Botha","run out",4
"RG Sharma","stumped",3
"YS Chahal","lbw",1
"S Dhawan","caught and bowled",3
"B Akhil","caught",3
"SP Narine","run out",1
"Shubman Gill","caught",19
"Mohammad Hafeez","bowled",1
"A Singh","bowled",2
"MJ McClenaghan","stumped",1
"MJ Lumb","bowled",1
"JA Morkel","caught and bowled",1
"G Gambhir","caught and bowled",4
"S Badree","lbw",1
"R Ninan","caught",1
"DB Das","caught",4
"VR Aaron","caught",2
"AS Rajpoot","caught",2
"MA Agarwal","bowled",18
"V Sehwag","run out",6
"AT Rayudu","lbw",4
"DJ Hussey","caught",32
"KB Arun Karthik","run out",1
"SR Tendulkar","lbw",8
"PA Patel","stumped",6
"Mohammad Asif","run out",1
"R McLaren","caught",2
"LMP Simmons","bowled",6
"AT Rayudu","caught and bowled",6
"Bipul Sharma","run out",1
"DA Miller","bowled",13
"M Kartik","caught and bowled",2
"GB Hogg","caught",2
"SA Asnodkar","lbw",1
"AL Menaria","bowled",3
"KL Nagarkoti","caught",1
"GR Napier","caught",1
"R Sathish","stumped",1
"K Rabada","caught",5
"Azhar Mahmood","caught",9
"CA Lynn","bowled",9
"LRPL Taylor","caught",24
"CR Woakes","caught",4
"MR Marsh","bowled",4
"G Gambhir","run out",15
"MJ Santner","caught",1
"KMA Paul","lbw",1
"J Theron","caught",1
"SB Wagh","run out",1
"ML Hayden","lbw",1
"WPUJC Vaas","caught",4
"SPD Smith","lbw",2
"GC Smith","run out",4
"J Arunkumar","caught",2
"JO Holder","caught",5
"PJ Sangwan","lbw",1
"PA Patel","caught and bowled",4
"MS Dhoni","lbw",5
"MDKJ Perera","lbw",1
"JR Philippe","stumped",1
"RA Tripathi","caught and bowled",2
"PA Patel","lbw",12
"HV Patel","caught",6
"Jaskaran Singh","caught",1
"BCJ Cutting","stumped",1
"AT Rayudu","caught",72
"RP Singh","caught and bowled",1
"SP Goswami","caught and bowled",1
"M Klinger","bowled",1
"AD Nath","bowled",1
"LPC Silva","caught",2
"AT Rayudu","stumped",7
"R Vinay Kumar","bowled",10
"M Morkel","run out",1
"AJ Finch","retired hurt",1
"AD Mathews","bowled",4
"DJ Bravo","lbw",6
"TM Dilshan","run out",2
"NA Saini","bowled",1
"S Anirudha","lbw",2
"SB Bangar","caught",5
"KB Arun Karthik","bowled",1
"Shubman Gill","lbw",1
"DJ Jacobs","bowled",6
"DT Patil","caught",1
"Mandeep Singh","bowled",15
"Mohammed Siraj","bowled",1
"WP Saha","lbw",4
"JL Denly","bowled",1
"AJ Turner","lbw",1
"NLTC Perera","bowled",4
"VVS Laxman","caught",9
"SO Hetmyer","caught",9
"S Chanderpaul","caught",3
"RA Jadeja","caught and bowled",7
"SMSM Senanayake","run out",1
"TM Srivastava","caught",1
"AR Patel","run out",7
"SL Malinga","caught",5
"NM Coulter-Nile","bowled",2
"ML Hayden","stumped",2
"JP Duminy","stumped",1
"V Sehwag","bowled",15
"DJ Bravo","caught and bowled",3
"TL Suman","bowled",3
"KMA Paul","bowled",2
"AUK Pathan","bowled",2
"SB Styris","lbw",1
"DJ Thornely","retired hurt",1
"KC Sangakkara","bowled",14
"DR Smith","caught",48
"S Dube","caught",7
"MP Stoinis","lbw",1
"C Madan","caught",1
"Shubman Gill","stumped",1
"SP Narine","caught and bowled",1
"ML Hayden","bowled",6
"ST Jayasuriya","lbw",5
"R Dravid","lbw",2
"JD Unadkat","run out",2
"Misbah-ul-Haq","caught",4
"AM Rahane","caught and bowled",6
"SN Thakur","lbw",1
"R Ashwin","caught and bowled",1
"SV Samson","bowled",13
"SD Chitnis","caught",6
"T Taibu","caught",2
"AJ Finch","caught",41
"Shakib Al Hasan","caught and bowled",1
"MJ Clarke","bowled",1
"CH Morris","stumped",1
"I Udana","caught",3
"MV Boucher","lbw",2
"A Kumble","caught",1
"BB Samantray","caught",2
"RV Gomez","bowled",1
"Washington Sundar","caught and bowled",1
"K Goel","stumped",1
"TS Mills","caught",2
"SS Cottrell","bowled",1
"DB Ravi Teja","lbw",2
"KD Karthik","stumped",4
"Gurkeerat Singh","lbw",2
"A Choudhary","run out",1
"STR Binny","stumped",3
"AD Russell","caught and bowled",2
"Y Venugopal Rao","run out",9
"B Kumar","lbw",1
"Anirudh Singh","caught and bowled",1
"RJ Harris","lbw",1
"IK Pathan","caught",31
"M Vohra","bowled",8
"CR Brathwaite","caught and bowled",1
"Abhishek Sharma","caught",6
"P Kumar","lbw",1
"P Awana","run out",1
"Basil Thampi","run out",1
"AD Hales","bowled",2
"M Vohra","caught and bowled",4
"IK Pathan","bowled",8
"GJ Maxwell","caught",46
"SV Samson","lbw",6
"A Singh","stumped",1
"SC Ganguly","caught and bowled",1
"DJ Bravo","bowled",12
"T Kohli","caught",2
"AG Paunikar","stumped",1
"IK Pathan","stumped",3
"KS Williamson","caught and bowled",1
"V Sehwag","lbw",4
"S Gopal","caught",9
"Z Khan","caught and bowled",1
"BA Stokes","run out",3
"CA Pujara","caught",12
"MF Maharoof","caught",4
"A Nehra","run out",2
"RV Uthappa","lbw",14
"A Mishra","caught",9
"BB McCullum","caught and bowled",1
"AJ Turner","caught",2
"AP Majumdar","bowled",1
"WP Saha","bowled",18
"Y Venugopal Rao","caught",24
"JH Kallis","caught and bowled",1
"UT Yadav","stumped",1
"Q de Kock","caught",43
"Ishan Kishan","stumped",1
"CA Ingram","bowled",2
"CJ Jordan","run out",1
"JC Buttler","stumped",3
"Misbah-ul-Haq","lbw",2
"SV Samson","run out",5
"M Vijay","caught and bowled",3
"AC Gilchrist","lbw",4
"WA Mota","caught",3
"F du Plessis","caught",40
"RA Tripathi","run out",2
"KA Pollard","run out",8
"DB Das","lbw",3
"SN Khan","caught",14
"RV Uthappa","run out",13
"EJG Morgan","lbw",2
"CJ Anderson","run out",3
"Swapnil Singh","caught",1
"Parvez Rasool","caught and bowled",1
"HH Gibbs","caught",16
"MM Patel","caught",2
"AA Jhunjhunwala","caught",8
"KK Nair","caught",37
"Rashid Khan","bowled",2
"V Kohli","run out",15
"KK Ahmed","bowled",1
"TG Southee","bowled",1
"MM Ali","stumped",1
"DJ Muthuswami","run out",1
"WD Parnell","caught",4
"RT Ponting","lbw",1
"PR Shah","caught and bowled",1
"M Vijay","stumped",5
"SW Billings","caught",13
"MG Johnson","bowled",6
"AJ Finch","run out",2
"R Ashwin","stumped",2
"BB Sran","run out",1
"VH Zol","caught",1
"LRPL Taylor","lbw",5
"Niraj Patel","bowled",2
"CA Lynn","lbw",3
"MJ McClenaghan","bowled",2
"Imran Tahir","bowled",1
"Vishnu Vinod","bowled",1
"SN Thakur","bowled",1
"P Dogra","stumped",1
"MN van Wyk","bowled",1
"SM Katich","run out",2
"RN ten Doeschate","caught",6
"KK Cooper","bowled",1
"AG Paunikar","caught",3
"WP Saha","run out",8
"KA Pollard","lbw",5
"A Mithun","bowled",1
"CA Pujara","run out",1
"AM Rahane","caught",74
"JD Unadkat","caught and bowled",1
"DL Vettori","run out",1
"K Gowtham","run out",1
"N Pooran","bowled",2
"AC Blizzard","bowled",1
"RV Uthappa","bowled",15
"Shivam Sharma","bowled",1
"YK Pathan","caught and bowled",4
"RN ten Doeschate","run out",5
"JD Ryder","caught",17
"BJ Hodge","run out",6
"DJG Sammy","caught",10
"S Badrinath","stumped",3
"IR Jaggi","bowled",1
"KH Pandya","caught",31
"AR Patel","bowled",9
"P Awana","caught",2
"Swapnil Singh","lbw",1
"Ravi Bishnoi","caught",1
"R Sathish","lbw",1
"AL Menaria","run out",2
"DPMD Jayawardene","caught and bowled",2
"MK Tiwary","stumped",4
"MA Khote","caught",1
"UT Yadav","bowled",6
"Mohammed Siraj","run out",2
"JM Kemp","stumped",1
"RR Bhatkal","caught",1
"BJ Rohrer","bowled",3
"KP Pietersen","bowled",8
"NV Ojha","caught",54
"SJ Srivastava","bowled",1
"SE Rutherford","caught",5
"DJ Hussey","run out",6
"SR Tendulkar","stumped",3
"N Rana","caught and bowled",1
"H Klaasen","caught",4
"M Morkel","bowled",3
"Joginder Sharma","caught",1
"DW Steyn","run out",3
"Yuvraj Singh","lbw",5
"MM Ali","caught and bowled",2
"S Sreesanth","caught",1
"DJ Thornely","lbw",1
"SP Fleming","caught",5
"N Rana","caught",39
"R Bishnoi","run out",1
"RA Jadeja","lbw",2
"HH Gibbs","caught and bowled",1
"KA Pollard","caught",75
"A Nortje","caught",1
"JPR Scantlebury-Searles","caught",1
"Washington Sundar","run out",1
"V Shankar","bowled",1
"OA Shah","stumped",2
"JD Unadkat","caught",3
"X Thalaivan Sargunam","caught and bowled",1
"DT Christian","bowled",5
"SK Raina","stumped",8
"AC Gilchrist","run out",2
"SW Billings","stumped",1
"SB Jakati","caught",1
"DJG Sammy","stumped",1
"Sandeep Sharma","lbw",1
"SO Hetmyer","stumped",1
"MS Dhoni","run out",22
"KC Sangakkara","lbw",2
"MS Gony","run out",1
"CR Brathwaite","bowled",1
"GJ Maxwell","lbw",5
"Gurkeerat Singh","stumped",2
"N Jagadeesan","caught",1
"AD Hales","lbw",1
"PP Chawla","run out",8
"S Sohal","bowled",3
"HM Amla","caught",8
"K Goel","bowled",2
"JO Holder","run out",2
"M Muralitharan","caught",2
"S Sriram","bowled",1
"SS Tiwary","stumped",3
"KL Rahul","caught",35
"JM Kemp","bowled",1
"DT Christian","run out",1
"P Simran Singh","lbw",1
"GJ Bailey","bowled",4
"MD Mishra","bowled",2
